Search,"Potential Match","Customer Email","Website URL",Transactions
"Adore Me","Adore Cosmetics",sales@elbrusconsulting.com,http://adorecosmetics.com,"2016-07-01 17:11:51 - Premium Plus
2016-07-06 23:37:39 - Premium Plus
2016-07-06 22:56:35 - Premium Plus"
Rant,Rant.NYC,info@rant.nyc,,"2015-10-21 19:44:12 - Premium Plus"
Signal,"Signals United, Inc.",mgerster@creativelicenseintl.com,http://signalsunitedinc.com,"2015-04-29 22:22:47 - Premium PR
2016-01-18 21:35:02 - Custom Plan (CLi Digital Media)
2015-05-07 21:26:25 - Premium PR
2015-03-24 22:37:49 - Premium PR
2015-05-21 23:15:22 - Premium PR
2015-04-20 17:56:48 - Premium PR
2015-05-06 17:30:03 - Premium PR
2015-05-11 19:17:34 - Premium PR
2016-06-27 22:16:01 - Newsroom
2015-05-07 18:47:05 - Premium PR
2015-04-23 18:03:28 - Premium PR
2015-06-10 17:01:35 - Premium PR
2015-04-27 22:35:41 - Premium PR
2015-04-07 18:55:14 - Premium PR
2015-01-24 00:19:50 - Custom Plan (CLi Digital Media)
2015-03-30 23:57:24 - Premium PR
2015-07-24 23:02:22 - Newsroom
2015-04-26 23:27:17 - Premium PR
2015-04-27 23:10:38 - Premium PR
2015-05-07 18:54:19 - Premium PR
2015-06-05 21:07:50 - Newsroom"
Analytica,"Analytical Systems",frankie@randmarketing.com,http://www.liquidgasanalyzers.com/,"2014-11-20 21:59:30 - Platinum Plan (2015)
2016-06-21 14:50:37 - Premium PR
2016-06-11 22:00:02 - Custom Plan (Platinum RAND)
2015-04-09 22:14:20 - Premium with PR Newswire
2015-08-06 15:37:34 - Premium with PR Newswire
2015-03-16 15:14:19 - Premium with PR Newswire
2015-04-27 21:29:20 - Premium with PR Newswire
2015-12-17 16:10:02 - Premium with PR Newswire
2016-03-28 18:06:18 - Rand Marketing Bulk PRN (8)
2015-12-07 19:50:18 - Premium with PR Newswire
2015-08-20 13:58:12 - Rand Marketing Bulk PRN (8)
2015-12-18 15:36:49 - Premium with PR Newswire
2016-02-12 22:00:02 - Platinum Plan (2015)
2016-04-12 22:00:03 - Platinum Plan (2015)
2015-05-18 22:00:02 - Platinum Plan (2015)
2015-09-22 13:49:25 - Rand Marketing Bulk PRN (8)
2016-02-18 21:00:20 - Rand Marketing Bulk PRN (8)
2015-11-14 22:00:02 - Platinum Plan (2015)
2015-03-17 21:27:53 - Premium with PR Newswire
2016-01-13 22:00:02 - Platinum Plan (2015)
2014-12-19 22:00:02 - Platinum Plan (2015)
2016-03-13 22:00:02 - Platinum Plan (2015)
2016-03-22 19:11:15 - Premium with PR Newswire
2015-02-17 22:00:03 - Platinum Plan (2015)
2015-06-17 22:00:02 - Platinum Plan (2015)
2015-12-14 22:00:02 - Platinum Plan (2015)
2015-03-04 16:58:54 - Premium with PR Newswire
2015-08-16 22:00:02 - Platinum Plan (2015)
2015-03-04 21:17:12 - Premium with PR Newswire
2015-06-25 16:43:01 - Rand Marketing Bulk PRN (8)
2016-06-24 14:15:43 - Premium PR
2016-05-12 22:00:02 - Platinum Plan (2015)
2015-03-19 22:00:02 - Platinum Plan (2015)
2015-07-17 22:00:02 - Platinum Plan (2015)
2015-04-29 19:26:48 - Premium with PR Newswire
2015-04-18 22:00:02 - Platinum Plan (2015)
2015-01-18 22:00:02 - Platinum Plan (2015)
2016-07-06 19:47:02 - Premium PR
2015-10-15 22:00:02 - Platinum Plan (2015)
2015-09-15 22:00:02 - Platinum Plan (2015)
2015-03-16 15:29:41 - Premium with PR Newswire
2015-04-17 21:09:31 - Premium with PR Newswire"
"Local Search Group","Local Search Group",jordan@localsearchgroup.com,,"2015-08-05 19:15:06 - Targeted Media Campaign
2015-08-05 19:13:51 - Targeted Media Campaign"
HAYSTACKID,HAYSTACKID,kglass@haystackid.com,http://haystackid.com,"2015-11-25 16:10:02 - Gold Plan (2015)
2016-02-23 16:10:02 - Gold Plan (2015)
2015-08-31 14:17:48 - Premium with PR Newswire
2016-02-19 17:05:14 - Premium with PR Newswire
2015-12-25 16:10:03 - Gold Plan (2015)
2015-10-26 16:10:02 - Gold Plan (2015)
2015-09-09 21:59:44 - Premium with PR Newswire
2016-01-24 16:10:02 - Gold Plan (2015)
2015-09-01 15:37:28 - Premium with PR Newswire
2015-09-01 15:37:28 - Premium with PR Newswire
2016-06-21 23:50:51 - Premium Plus
2015-08-28 16:05:33 - Gold Plan (2015)
2015-09-01 14:49:50 - Premium with PR Newswire
2015-09-26 16:10:02 - Gold Plan (2015)
2015-10-22 15:05:13 - Premium with PR Newswire"
"Lynx Technology Partners","Lynx Technology Partners",marketing@lynxtp.com,https://www.LynxGRC.com,"2016-05-13 20:51:34 - PR Writing
2016-04-28 21:19:09 - Premium Plus"
"Bizness Apps","Bizness Apps",andrew@biznessapps.com,http://www.biznessapps.com,"2016-03-08 21:34:39 - Media Outreach Credit
2016-03-08 20:49:47 - Media Outreach Credit
2016-03-08 19:45:52 - Premium Plus"
"LLT Group","LLT Group",rahul@llt-group.com,,"2015-11-06 16:49:42 - Premium PR"
RxWiki,RxWiki,grace@rxwiki.com,http://www.rxwiki.com,"2015-04-04 20:20:02 - Company Newsroom with bonus 1 Premium Press Release and 50 email credits for Media Outreach
2015-03-06 20:15:52 - Company Newsroom with bonus 1 Premium Press Release and 50 email credits for Media Outreach
2015-05-04 20:20:02 - Company Newsroom with bonus 1 Premium Press Release and 50 email credits for Media Outreach"
"Ronnie Coleman Signature Series","Ronnie Coleman Signature Series",ronnie@ronniecoleman.net,http://www.ronniecoleman.net,"2015-08-17 19:09:28 - RonnieColeman PR (Premium with PR Newswire + Image + Media Outreach)
2015-06-02 22:52:25 - RonnieColeman PR (Premium with PR Newswire + Image + Media Outreach)
2015-08-17 16:31:29 - Premium PR"
Mainstreet,Mainstreet,dsimurda@mainstreetinc.net,http://mainstreetinc.net/,"2015-12-24 01:55:02 - Company Newsroom with bonus 1 Premium Press Release and 50 email credits for Media Outreach
2016-03-23 01:55:02 - Company Newsroom with bonus 1 Premium Press Release and 50 email credits for Media Outreach
2015-10-25 01:55:02 - Company Newsroom with bonus 1 Premium Press Release and 50 email credits for Media Outreach
2016-06-21 01:55:02 - Company Newsroom with bonus 1 Premium Press Release and 50 email credits for Media Outreach
2015-11-24 01:55:02 - Company Newsroom with bonus 1 Premium Press Release and 50 email credits for Media Outreach
2016-01-23 01:55:02 - Company Newsroom with bonus 1 Premium Press Release and 50 email credits for Media Outreach
2016-04-22 01:55:03 - Company Newsroom with bonus 1 Premium Press Release and 50 email credits for Media Outreach
2015-08-26 01:55:02 - Company Newsroom with bonus 1 Premium Press Release and 50 email credits for Media Outreach
2016-02-22 01:55:03 - Company Newsroom with bonus 1 Premium Press Release and 50 email credits for Media Outreach
2015-06-27 01:55:02 - Company Newsroom with bonus 1 Premium Press Release and 50 email credits for Media Outreach
2015-05-29 01:50:02 - Company Newsroom with bonus 1 Premium Press Release and 50 email credits for Media Outreach
2015-07-27 01:55:02 - Company Newsroom with bonus 1 Premium Press Release and 50 email credits for Media Outreach
2015-06-09 19:39:48 - Premium with PR Newswire
2015-04-25 22:00:02 - Company Newsroom with bonus 1 Premium Press Release and 50 email credits for Media Outreach
2015-03-27 21:55:34 - Company Newsroom with bonus 1 Premium Press Release and 50 email credits for Media Outreach
2016-05-22 01:55:02 - Company Newsroom with bonus 1 Premium Press Release and 50 email credits for Media Outreach
2015-09-25 01:55:02 - Company Newsroom with bonus 1 Premium Press Release and 50 email credits for Media Outreach"
"Tipsy Elves","Tipsy Elves",evan.mendelsohn@gmail.com,,"2015-06-17 22:47:32 - Premium with PR Newswire"
MES,Meshfire,info@meshfire.com,http://www.meshfire.com,"2015-04-04 17:25:02 - Silver Plan (2015)
2015-03-06 17:20:02 - Silver Plan (2015)
2015-04-22 16:33:40 - Premium with PR Newswire
2015-05-04 17:25:02 - Silver Plan (2015)
2016-01-23 01:09:34 - Premium with PR Newswire
2015-03-06 17:21:24 - Premium with PR Newswire"
Swrve,Swrve,maria.canul@swrve.com,http://www.swrve.com,"2015-02-13 23:12:14 - Premium with PR Newswire"
InternetReputation.com,InternetReputation.com,bethanyf@internetreputation.com,http://internetreputation.com,"2015-04-27 17:23:21 - Internet Reputation
2015-02-09 22:21:01 - Premium with PR Newswire
2015-07-21 17:35:49 - Internet Reputation"
Nordic,"Nordic International Film Festival",info@johanmatton.com,http://www.nordicfilmfest.org,"2015-08-21 00:45:18 - Premium PR
2015-09-08 14:24:24 - Premium PR"
180fusion,180fusion,seo@180fusion.com,,"2015-03-18 22:09:10 - Premium with PR Newswire
2015-04-08 15:33:40 - Premium with PR Newswire
2015-03-18 22:12:17 - Premium PR
2015-04-03 18:31:57 - Premium PR"
Answers,answers@impulse.net,answers@impulse.net,,"2016-02-03 16:57:47 - Premium with PR Newswire"
"Premier Management","Premier Project Management, LLC",kbravo@premier-pm.com,http://www.premier-pm.com,"2016-02-19 17:48:41 - Premium PR"
"Optimum RV","OptimumCare Home Care Services",gurhan@internetmarketingcompanyllc.com,http://optimumcarehomecare.com/,"2014-12-08 12:05:02 - Silver Plan (2015)
2014-08-07 15:44:53 - Premium PR
2014-10-09 12:05:02 - Silver Plan (2015)
2014-08-11 12:01:37 - Silver Plan (2015)
2015-01-07 12:05:02 - Silver Plan (2015)
2014-11-08 12:05:03 - Silver Plan (2015)
2014-09-09 12:15:01 - Silver Plan (2015)"
FTS,"FTSE News Agency",ftsenews@inbox.com,http://www.mediawebsite.net/danews/story/?catSetID=7007&catID=290812&nrid=221314131&page=1&lang=en,"2014-09-17 06:31:36 - Premium PR"
OpenArc,OpenArc,erin@openarc.net,,"2016-04-22 16:14:56 - Premium with PR Newswire"
daVIZta,"daVIZta Inc.",ayerramilli@davizta.com,http://www.davizta.com,"2015-08-18 16:48:14 - Premium Plus"
Connectivity,"Connectivity Marketing and Media Agency",leo@connectivityagency.com,http://connectivityagency.com/,"2016-04-15 17:48:42 - Premium Plus
2016-06-20 18:09:30 - Premium Plus"
Box,"Box-n-Go Storage",seos988@gmail.com,"http://www.boxngo.com ","2015-12-13 07:41:55 - Custom Plan (Content Remarketing Custom Plan)"
"Sol Systems","Solace Systems",larry.neumann@solacesystems.com,,"2016-02-15 15:10:54 - Premium Plus"
"Cambridge Security Seals","Cambridge Security Seals",marketing@cambridgeseals.com,https://www.cambridgeseals.com/,"2016-05-16 19:17:19 - Premium PR
2016-06-01 20:07:26 - Premium PR
2016-03-11 21:20:06 - Premium PR
2016-04-18 20:30:42 - Premium PR"
"Power Supply","Power Supply Electronics",eloizy@plsconsultinginc.com,,"2015-03-13 15:32:28 - Press Release Revisions (5) [10% off]
2016-01-02 14:25:03 - Platinum Plan (2015)
2015-06-30 17:25:02 - Platinum Plan (2015)
2016-05-01 14:25:02 - Platinum Plan (2015)
2015-10-05 14:22:56 - Platinum Plan (2015)
2015-11-03 14:25:02 - Platinum Plan (2015)
2015-04-01 17:25:02 - Platinum Plan (2015)
2016-04-01 14:25:02 - Platinum Plan (2015)
2016-05-31 14:25:02 - Platinum Plan (2015)
2015-05-31 17:25:02 - Platinum Plan (2015)
2016-05-23 15:59:58 - First USA - 5 Newsroom Credits $260 ($52 per newsroom)
2015-12-03 14:25:02 - Platinum Plan (2015)
2016-03-02 14:25:02 - Platinum Plan (2015)
2016-02-01 14:25:02 - Platinum Plan (2015)
2015-05-01 17:30:02 - Platinum Plan (2015)
2016-06-30 14:25:02 - Platinum Plan (2015)
2015-07-30 17:25:03 - Platinum Plan (2015)
2015-03-03 17:20:48 - Platinum Plan (2015)"
Surge,"Surge Connections",mgerster@creativelicenseintl.com,http://surgeconnections.com,"2015-04-29 22:22:47 - Premium PR
2016-01-18 21:35:02 - Custom Plan (CLi Digital Media)
2015-05-07 21:26:25 - Premium PR
2015-03-24 22:37:49 - Premium PR
2015-05-21 23:15:22 - Premium PR
2015-04-20 17:56:48 - Premium PR
2015-05-06 17:30:03 - Premium PR
2015-05-11 19:17:34 - Premium PR
2016-06-27 22:16:01 - Newsroom
2015-05-07 18:47:05 - Premium PR
2015-04-23 18:03:28 - Premium PR
2015-06-10 17:01:35 - Premium PR
2015-04-27 22:35:41 - Premium PR
2015-04-07 18:55:14 - Premium PR
2015-01-24 00:19:50 - Custom Plan (CLi Digital Media)
2015-03-30 23:57:24 - Premium PR
2015-07-24 23:02:22 - Newsroom
2015-04-26 23:27:17 - Premium PR
2015-04-27 23:10:38 - Premium PR
2015-05-07 18:54:19 - Premium PR
2015-06-05 21:07:50 - Newsroom"
Valore,"Valorem Law Group",patrick.lamb@valoremlaw.com,http://www.valoremlaw.com,"2015-09-07 16:37:42 - Premium PR
2015-09-07 16:22:04 - Premium Plus"
ARCA,"Arcadier Pte. Ltd.",carrie@arcadier.com,http://arcadier.com/index.html,"2016-07-05 07:16:37 - Premium Plus"
"Sovereign Health of California","Sovereign Health of California",vibhu@itchimes.com,http://www.sovcal.com,"2015-04-14 15:30:02 - Gold Plan (2015)
2015-01-15 19:03:12 - Premium with PR Newswire
2015-09-09 20:24:51 - Gold Plan (2015)
2015-05-13 21:45:02 - Gold Plan (2015)
2015-01-14 21:42:09 - Gold Plan (2015)
2015-02-18 23:33:25 - Premium with PR Newswire
2015-03-14 21:45:02 - Gold Plan (2015)
2015-06-12 21:45:02 - Gold Plan (2015)
2015-02-12 21:45:02 - Gold Plan (2015)
2015-10-09 19:08:46 - Premium with PR Newswire
2015-01-15 18:56:56 - Premium with PR Newswire"
"Hourglass Angel","Hourglass Angel",jessica@janicemccaffertypr.com,http://www.hourglassangel.com,"2015-11-23 21:21:56 - Premium PR"
"Today's Growth Consultant","Today's Growth Consultant",allen@todaysgrowth.com,,"2015-12-06 15:00:02 - Gold Plan (2015)
2015-09-08 14:59:03 - Gold Plan (2015)
2015-11-06 15:00:02 - Gold Plan (2015)
2016-07-03 15:00:02 - Gold Plan (2015)
2016-04-04 15:00:02 - Gold Plan (2015)
2016-03-05 15:00:02 - Gold Plan (2015)
2016-01-05 15:00:03 - Gold Plan (2015)
2016-06-03 15:00:02 - Gold Plan (2015)
2016-05-04 15:00:02 - Gold Plan (2015)
2016-02-04 15:00:02 - Gold Plan (2015)
2015-10-07 15:00:02 - Gold Plan (2015)"
180,180fusion,seo@180fusion.com,,"2015-03-18 22:09:10 - Premium with PR Newswire
2015-04-08 15:33:40 - Premium with PR Newswire
2015-03-18 22:12:17 - Premium PR
2015-04-03 18:31:57 - Premium PR"
"Internet Marketing","Internet Marketing Company LLC",gurhan@internetmarketingcompanyllc.com,http://internetmarketingcompanyllc.com/,"2014-12-08 12:05:02 - Silver Plan (2015)
2014-08-07 15:44:53 - Premium PR
2014-10-09 12:05:02 - Silver Plan (2015)
2014-08-11 12:01:37 - Silver Plan (2015)
2015-01-07 12:05:02 - Silver Plan (2015)
2014-11-08 12:05:03 - Silver Plan (2015)
2014-09-09 12:15:01 - Silver Plan (2015)"
"Defense Point Security","Defense Point Security",pr@defpoint.com,http://defpoint.com,"2016-06-15 15:39:03 - Premium PR
2016-05-24 21:05:39 - Premium Plus
2016-06-17 13:44:22 - Premium Plus"
Vert,"Vertigo Marketing Group",mgerster@creativelicenseintl.com,http://vertigomarketinggroup.com,"2015-04-29 22:22:47 - Premium PR
2016-01-18 21:35:02 - Custom Plan (CLi Digital Media)
2015-05-07 21:26:25 - Premium PR
2015-03-24 22:37:49 - Premium PR
2015-05-21 23:15:22 - Premium PR
2015-04-20 17:56:48 - Premium PR
2015-05-06 17:30:03 - Premium PR
2015-05-11 19:17:34 - Premium PR
2016-06-27 22:16:01 - Newsroom
2015-05-07 18:47:05 - Premium PR
2015-04-23 18:03:28 - Premium PR
2015-06-10 17:01:35 - Premium PR
2015-04-27 22:35:41 - Premium PR
2015-04-07 18:55:14 - Premium PR
2015-01-24 00:19:50 - Custom Plan (CLi Digital Media)
2015-03-30 23:57:24 - Premium PR
2015-07-24 23:02:22 - Newsroom
2015-04-26 23:27:17 - Premium PR
2015-04-27 23:10:38 - Premium PR
2015-05-07 18:54:19 - Premium PR
2015-06-05 21:07:50 - Newsroom"
SAC,"Sacramento Dentistry Group",russ@gfxservices.com,http://sacramentodentistry.com/,"2016-03-10 23:01:15 - Premium with PR Newswire
2015-06-22 22:31:33 - Premium with PR Newswire
2015-08-20 21:18:50 - Premium with PR Newswire
2016-03-14 18:38:31 - Premium with PR Newswire
2015-08-11 19:36:25 - Premium with PR Newswire
2016-02-11 20:18:22 - Premium with PR Newswire
2015-11-04 22:23:24 - Premium with PR Newswire
2015-07-30 22:51:22 - Premium with PR Newswire
2016-04-05 15:49:31 - Premium with PR Newswire
2015-05-26 21:54:56 - Premium with PR Newswire
2015-07-03 23:09:01 - Premium with PR Newswire
2016-01-06 20:52:40 - Premium with PR Newswire
2015-08-31 21:05:55 - Premium with PR Newswire
2015-11-25 23:21:05 - Premium with PR Newswire
2016-05-05 17:20:43 - Premium with PR Newswire
2015-10-28 16:43:24 - Premium with PR Newswire
2016-04-25 22:28:46 - Premium with PR Newswire
2015-09-08 19:19:26 - Premium with PR Newswire
2015-09-24 16:08:47 - Premium with PR Newswire
2015-12-08 00:37:55 - Premium with PR Newswire
2015-10-05 23:52:59 - Premium with PR Newswire
2016-03-01 00:13:47 - Premium with PR Newswire
2016-01-28 21:50:11 - Premium with PR Newswire
2015-10-12 20:16:20 - Premium with PR Newswire
2015-07-22 18:11:44 - Premium with PR Newswire ($129)"
ORI,Orion,mgerster@creativelicenseintl.com,http://orion-inc.ca,"2015-04-29 22:22:47 - Premium PR
2016-01-18 21:35:02 - Custom Plan (CLi Digital Media)
2015-05-07 21:26:25 - Premium PR
2015-03-24 22:37:49 - Premium PR
2015-05-21 23:15:22 - Premium PR
2015-04-20 17:56:48 - Premium PR
2015-05-06 17:30:03 - Premium PR
2015-05-11 19:17:34 - Premium PR
2016-06-27 22:16:01 - Newsroom
2015-05-07 18:47:05 - Premium PR
2015-04-23 18:03:28 - Premium PR
2015-06-10 17:01:35 - Premium PR
2015-04-27 22:35:41 - Premium PR
2015-04-07 18:55:14 - Premium PR
2015-01-24 00:19:50 - Custom Plan (CLi Digital Media)
2015-03-30 23:57:24 - Premium PR
2015-07-24 23:02:22 - Newsroom
2015-04-26 23:27:17 - Premium PR
2015-04-27 23:10:38 - Premium PR
2015-05-07 18:54:19 - Premium PR
2015-06-05 21:07:50 - Newsroom"
Vital,"Vitality Consulting, Inc.",mgerster@creativelicenseintl.com,http://vitalityconsultinginc.com,"2015-04-29 22:22:47 - Premium PR
2016-01-18 21:35:02 - Custom Plan (CLi Digital Media)
2015-05-07 21:26:25 - Premium PR
2015-03-24 22:37:49 - Premium PR
2015-05-21 23:15:22 - Premium PR
2015-04-20 17:56:48 - Premium PR
2015-05-06 17:30:03 - Premium PR
2015-05-11 19:17:34 - Premium PR
2016-06-27 22:16:01 - Newsroom
2015-05-07 18:47:05 - Premium PR
2015-04-23 18:03:28 - Premium PR
2015-06-10 17:01:35 - Premium PR
2015-04-27 22:35:41 - Premium PR
2015-04-07 18:55:14 - Premium PR
2015-01-24 00:19:50 - Custom Plan (CLi Digital Media)
2015-03-30 23:57:24 - Premium PR
2015-07-24 23:02:22 - Newsroom
2015-04-26 23:27:17 - Premium PR
2015-04-27 23:10:38 - Premium PR
2015-05-07 18:54:19 - Premium PR
2015-06-05 21:07:50 - Newsroom"
"IdentiCom Sign Solutions","Identicom sign solutions",natalieb@identicomsigns.com,,"2015-08-25 18:51:25 - Premium with PR Newswire"
Purch,purchase@cazarin.com,purchase@cazarin.com,http://www.cazarin.com,"2016-01-25 17:44:09 - Premium with PR Newswire"
"Benzer Pharmacy","Benzer Pharmacy",emadegwa@benzerpharmacy.com,www.benzerpharmacy.com,"2015-12-23 20:00:47 - Premium PR
2016-06-15 14:16:04 - Premium PR
2015-12-21 18:40:27 - Premium PR
2015-12-10 18:47:48 - Premium PR
2016-06-15 13:55:03 - Premium PR
2016-02-29 21:46:06 - Premium PR
2016-06-09 17:56:08 - Premium PR
2016-03-08 19:06:23 - Premium with PR Newswire
2016-05-11 19:53:16 - Premium PR"
EcomNets,EcomNets,info@ecomnets.com,http://www.ecomnets.com,"2015-12-18 15:10:02 - Gold Plan (2015)
2015-10-19 15:10:02 - Gold Plan (2015)
2015-11-18 15:10:02 - Gold Plan (2015)
2015-08-21 15:29:22 - Premium with PR Newswire
2015-08-21 15:09:41 - Gold Plan (2015)
2015-09-19 15:10:02 - Gold Plan (2015)"
RealMatch,"RealMatch, Inc.",catkins@realmatch.com,http://www.realmatch.com,"2015-11-16 18:15:08 - Premium with PR Newswire
2015-10-21 22:56:45 - Premium with PR Newswire"
Ruckus,"Ruckus Pets",eloizy@plsconsultinginc.com,http://ruckuspets.com,"2015-03-13 15:32:28 - Press Release Revisions (5) [10% off]
2016-01-02 14:25:03 - Platinum Plan (2015)
2015-06-30 17:25:02 - Platinum Plan (2015)
2016-05-01 14:25:02 - Platinum Plan (2015)
2015-10-05 14:22:56 - Platinum Plan (2015)
2015-11-03 14:25:02 - Platinum Plan (2015)
2015-04-01 17:25:02 - Platinum Plan (2015)
2016-04-01 14:25:02 - Platinum Plan (2015)
2016-05-31 14:25:02 - Platinum Plan (2015)
2015-05-31 17:25:02 - Platinum Plan (2015)
2016-05-23 15:59:58 - First USA - 5 Newsroom Credits $260 ($52 per newsroom)
2015-12-03 14:25:02 - Platinum Plan (2015)
2016-03-02 14:25:02 - Platinum Plan (2015)
2016-02-01 14:25:02 - Platinum Plan (2015)
2015-05-01 17:30:02 - Platinum Plan (2015)
2016-06-30 14:25:02 - Platinum Plan (2015)
2015-07-30 17:25:03 - Platinum Plan (2015)
2015-03-03 17:20:48 - Platinum Plan (2015)"
Trace,"TraceMedia Marketing",chrisd@tracemedia.com,,"2015-02-12 01:55:10 - Premium PR"
"Hudson Fiber Network","Hudson Fiber Network",prproann@gmail.com,http://www.hudsonfiber.com,"2015-06-10 11:22:23 - Media Outreach Credit
2015-05-06 16:33:24 - Premium PR
2014-12-18 00:00:02 - Silver Plan (2015)
2015-07-16 00:00:02 - Silver Plan (2015)
2016-05-06 18:04:29 - Premium PR
2016-06-10 13:15:03 - Silver Plan (2015)
2015-04-30 13:52:17 - Premium PR
2016-02-11 00:00:02 - Silver Plan (2015)
2014-10-08 19:07:50 - Premium with PR Newswire
2016-03-30 13:32:47 - Media Outreach Credit
2016-03-29 16:05:15 - Premium with PR Newswire
2015-10-12 18:21:51 - Premium PR
2016-03-08 21:15:33 - Premium with PR Newswire
2016-03-08 21:15:33 - Media Outreach Credit
2015-11-13 00:00:02 - Silver Plan (2015)
2016-03-12 00:00:01 - Silver Plan (2015)
2015-10-26 14:22:53 - Premium PR
2015-03-13 14:39:14 - Premium with PR Newswire
2016-05-11 16:40:38 - Premium Plus
2015-04-20 15:47:09 - Premium with PR Newswire
2016-05-23 19:32:33 - Premium PR
2014-12-23 14:47:26 - Premium with PR Newswire
2015-06-16 00:00:02 - Silver Plan (2015)
2015-09-02 21:05:48 - Premium with PR Newswire
2014-09-19 00:00:02 - Silver Plan (2015)
2015-10-14 20:32:22 - Premium PR
2015-06-25 16:37:20 - Premium PR
2015-04-06 15:26:10 - Premium PR
2016-02-11 15:41:56 - Premium PR
2015-10-14 00:00:02 - Silver Plan (2015)
2016-02-08 19:48:59 - Premium PR
2015-12-13 00:05:02 - Silver Plan (2015)
2015-09-29 20:35:58 - Premium PR
2016-05-04 14:33:46 - Premium PR
2016-02-03 16:53:02 - Media Outreach Credit
2015-09-14 00:00:02 - Silver Plan (2015)
2015-01-17 00:00:02 - Silver Plan (2015)
2014-10-13 18:49:26 - Premium PR
2015-08-04 16:51:30 - Premium with PR Newswire
2015-03-09 17:39:27 - Premium with PR Newswire
2016-03-16 17:33:41 - Media Outreach Credit
2016-04-11 00:00:02 - Silver Plan (2015)
2015-04-13 18:44:15 - Premium with PR Newswire
2015-09-28 16:56:31 - Premium PR
2014-10-19 00:00:02 - Silver Plan (2015)
2016-05-11 00:00:02 - Silver Plan (2015)
2015-05-08 15:56:27 - Premium PR
2015-08-26 20:45:42 - Premium with PR Newswire
2016-01-12 00:05:02 - Silver Plan (2015)
2015-05-17 00:00:02 - Silver Plan (2015)
2015-02-16 00:00:02 - Silver Plan (2015)
2014-11-18 00:00:02 - Silver Plan (2015)
2016-03-16 17:54:38 - Media Outreach Credit
2014-08-05 13:21:16 - Premium PR
2015-06-25 17:45:21 - Premium PR
2014-12-08 16:17:07 - Premium with PR Newswire
2015-08-14 14:10:46 - Premium with PR Newswire
2015-02-02 16:48:36 - Premium with PR Newswire
2016-02-25 14:52:30 - Media Outreach Credit
2016-03-16 15:30:08 - Media Outreach Credit
2016-06-28 18:46:38 - Premium PR
2016-04-06 15:59:39 - Premium PR
2016-02-29 17:46:01 - Media Outreach Credit
2015-07-07 13:52:39 - Premium PR
2015-08-15 00:00:02 - Silver Plan (2015)
2015-03-18 00:00:02 - Silver Plan (2015)
2015-10-07 19:26:47 - Premium PR
2015-05-01 15:14:07 - Premium with PR Newswire
2015-04-17 00:00:03 - Silver Plan (2015)
2015-04-06 14:10:30 - Premium PR
2015-04-13 17:31:39 - Premium with PR Newswire"
"Solar Solution","Solar America Solutions",scott@redesignedmarketing.com,http://www.solaramericasolutions.com/,"2016-05-27 17:13:01 - Premium PR
2016-05-12 16:04:20 - Professional Plan
2016-06-10 16:05:02 - Professional Plan
2016-06-01 20:53:53 - Premium PR
2016-02-02 17:22:57 - Premium PR"
"IM Creative","IM Creative",chrisepperly@i-m-creative.com,http://www.i-m-creative.com,"2015-11-24 16:43:08 - Premium PR"
"101 Mobility","101 Mobility",bhavens@101mobility.com,http://101mobility.com,"2015-06-09 12:51:13 - 101 Mobility - Basic Press Release Credits (40)
2015-10-11 20:15:02 - Gold Plan (2015)
2015-05-15 20:14:39 - Gold Plan (2015)
2015-06-09 19:58:49 - Premium PR
2015-06-30 20:07:17 - Premium PR
2015-09-11 20:15:02 - Gold Plan (2015)
2015-06-13 20:15:02 - Gold Plan (2015)
2015-08-12 20:15:02 - Gold Plan (2015)
2015-12-10 20:15:03 - Gold Plan (2015)
2015-07-13 20:15:02 - Gold Plan (2015)
2015-12-11 14:02:03 - Silver Plan (2015)
2015-11-10 20:15:02 - Gold Plan (2015)"
CFM,"CFM Inc",slade@foodguys.com,,"2016-06-27 22:48:31 - Premium Plus
2016-06-27 23:02:12 - Microlist: Food Industry"
"B+T Group","Beautiful Planning Marketing Group",mtatum@beautifulplanning.com,http://www.beautifulplanning.com,"2015-09-20 16:30:28 - Premium PR"
"Supreme Lending","Supreme Lending",Athan.SarrisHaigh@SupremeLending.com,,"2016-04-12 18:10:04 - Premium PR"
eSchoolView,eSchoolView,ckelley@eschoolview.com,http://www.eschoolview.com/,"2015-12-16 14:15:02 - Gold Plan (12 Months) (2015)
2014-12-22 14:12:44 - Gold Plan (12 Months) (2015)
2014-12-11 16:09:47 - Premium with PR Newswire"
"MJ Freeway","MJ Freeway ",jasmine@mjfreeway.com,http://www.mjfreeway.com,"2016-03-21 23:35:27 - Premium with PR Newswire"
"Ivy Exec","Ivy Exec",Jennifer@ivyexec.com,,"2016-04-06 18:59:12 - Premium with PR Newswire"
Noble,"Noble Americas Energy Solutions",gmccutchan@noblesolutions.com,http://www.noblesolutions.com,"2016-03-21 16:54:14 - Premium Plus"
"Granbury Solutions","Granbury Wine Solutions",hfisher@granburyrs.com,,"2016-01-19 15:57:38 - Premium PR"
Proje,"Project Management Training Institute",vibhu@itchimes.com,http://www.4pmti.com,"2015-04-14 15:30:02 - Gold Plan (2015)
2015-01-15 19:03:12 - Premium with PR Newswire
2015-09-09 20:24:51 - Gold Plan (2015)
2015-05-13 21:45:02 - Gold Plan (2015)
2015-01-14 21:42:09 - Gold Plan (2015)
2015-02-18 23:33:25 - Premium with PR Newswire
2015-03-14 21:45:02 - Gold Plan (2015)
2015-06-12 21:45:02 - Gold Plan (2015)
2015-02-12 21:45:02 - Gold Plan (2015)
2015-10-09 19:08:46 - Premium with PR Newswire
2015-01-15 18:56:56 - Premium with PR Newswire"
"Kinetix Trading Solutions","Kinetix Trading Solutions Inc",admin@kinetixtt.com,http://www.kinetixtt.com,"2015-02-10 00:04:40 - Premium with PR Newswire"
"Point It!","Point Security, Inc.",frankie@randmarketing.com,http://pointsecurityinc.com/,"2014-11-20 21:59:30 - Platinum Plan (2015)
2016-06-21 14:50:37 - Premium PR
2016-06-11 22:00:02 - Custom Plan (Platinum RAND)
2015-04-09 22:14:20 - Premium with PR Newswire
2015-08-06 15:37:34 - Premium with PR Newswire
2015-03-16 15:14:19 - Premium with PR Newswire
2015-04-27 21:29:20 - Premium with PR Newswire
2015-12-17 16:10:02 - Premium with PR Newswire
2016-03-28 18:06:18 - Rand Marketing Bulk PRN (8)
2015-12-07 19:50:18 - Premium with PR Newswire
2015-08-20 13:58:12 - Rand Marketing Bulk PRN (8)
2015-12-18 15:36:49 - Premium with PR Newswire
2016-02-12 22:00:02 - Platinum Plan (2015)
2016-04-12 22:00:03 - Platinum Plan (2015)
2015-05-18 22:00:02 - Platinum Plan (2015)
2015-09-22 13:49:25 - Rand Marketing Bulk PRN (8)
2016-02-18 21:00:20 - Rand Marketing Bulk PRN (8)
2015-11-14 22:00:02 - Platinum Plan (2015)
2015-03-17 21:27:53 - Premium with PR Newswire
2016-01-13 22:00:02 - Platinum Plan (2015)
2014-12-19 22:00:02 - Platinum Plan (2015)
2016-03-13 22:00:02 - Platinum Plan (2015)
2016-03-22 19:11:15 - Premium with PR Newswire
2015-02-17 22:00:03 - Platinum Plan (2015)
2015-06-17 22:00:02 - Platinum Plan (2015)
2015-12-14 22:00:02 - Platinum Plan (2015)
2015-03-04 16:58:54 - Premium with PR Newswire
2015-08-16 22:00:02 - Platinum Plan (2015)
2015-03-04 21:17:12 - Premium with PR Newswire
2015-06-25 16:43:01 - Rand Marketing Bulk PRN (8)
2016-06-24 14:15:43 - Premium PR
2016-05-12 22:00:02 - Platinum Plan (2015)
2015-03-19 22:00:02 - Platinum Plan (2015)
2015-07-17 22:00:02 - Platinum Plan (2015)
2015-04-29 19:26:48 - Premium with PR Newswire
2015-04-18 22:00:02 - Platinum Plan (2015)
2015-01-18 22:00:02 - Platinum Plan (2015)
2016-07-06 19:47:02 - Premium PR
2015-10-15 22:00:02 - Platinum Plan (2015)
2015-09-15 22:00:02 - Platinum Plan (2015)
2015-03-16 15:29:41 - Premium with PR Newswire
2015-04-17 21:09:31 - Premium with PR Newswire"
"J Public Relations","J. Noel Public Relations",janiece@jnoelpr.com,http://jnoelpr.com,"2015-10-26 15:39:43 - Gold Plan (2015)
2015-11-24 15:40:03 - Gold Plan (2015)"
"Delta Defense","Delta Defense, LLC",seo@magnasites.com,http://www.USConcealedCarry.com,"2015-05-09 02:01:19 - Premium PR"
"National Funding","National Crowdfunding Association",membership@NLCFA.org,http://www.nlcfa.org,"2015-10-30 20:11:34 - Premium PR"
SAN,"Santa Monica Art Studios",janinekbr@aol.com,http://www.santamonicaartstudios.com,"2016-03-23 23:06:25 - Premium PR"
"Best Electronics","Best Electronics Group",eloizy@plsconsultinginc.com,http://bestelectronicsgroup.com,"2015-03-13 15:32:28 - Press Release Revisions (5) [10% off]
2016-01-02 14:25:03 - Platinum Plan (2015)
2015-06-30 17:25:02 - Platinum Plan (2015)
2016-05-01 14:25:02 - Platinum Plan (2015)
2015-10-05 14:22:56 - Platinum Plan (2015)
2015-11-03 14:25:02 - Platinum Plan (2015)
2015-04-01 17:25:02 - Platinum Plan (2015)
2016-04-01 14:25:02 - Platinum Plan (2015)
2016-05-31 14:25:02 - Platinum Plan (2015)
2015-05-31 17:25:02 - Platinum Plan (2015)
2016-05-23 15:59:58 - First USA - 5 Newsroom Credits $260 ($52 per newsroom)
2015-12-03 14:25:02 - Platinum Plan (2015)
2016-03-02 14:25:02 - Platinum Plan (2015)
2016-02-01 14:25:02 - Platinum Plan (2015)
2015-05-01 17:30:02 - Platinum Plan (2015)
2016-06-30 14:25:02 - Platinum Plan (2015)
2015-07-30 17:25:03 - Platinum Plan (2015)
2015-03-03 17:20:48 - Platinum Plan (2015)"
@properties,"Skyworld Properties Limited",a.storozhuk@b2blogger.com,http://franklinhoffman.com,"2015-10-29 13:00:21 - Premium PR
2014-11-28 15:02:24 - Premium PR
2015-12-30 10:31:34 - Premium PR
2015-05-12 09:58:09 - Premium PR
2015-10-07 11:16:07 - Premium PR"
ABIS,ABISA,nhernandez@abisallc.com,,"2016-06-30 14:21:28 - Premium Plus"
Pro-Vision,"Provision Enterprises LLC",cdee051@cox.net,http://provisionenterprisespr.com,"2015-04-14 17:00:05 - Premium PR"
ICE,"IceSkatingWorld LLC",allstarpress@verizon.net,http://proshop.iceskatingworld.com,"2014-11-06 15:08:31 - Silver Plan (2015)
2015-02-03 15:10:02 - Silver Plan (2015)
2015-01-04 15:10:02 - Silver Plan (2015)
2015-05-04 15:10:02 - Silver Plan (2015)
2015-03-05 15:10:02 - Silver Plan (2015)
2014-12-05 15:10:02 - Silver Plan (2015)
2015-04-04 15:10:02 - Silver Plan (2015)"
CSA,"CSA Research",melissa@commonsenseadvisory.com,,"2015-07-06 15:05:19 - Premium PR
2016-07-06 17:02:27 - Media Outreach Credit
2016-07-01 19:55:39 - Premium PR
2016-01-06 19:48:45 - Premium PR"
SHR,"Shredder Warehouse",seos988@gmail.com,http://www.shredderwarehouse.com/,"2015-12-13 07:41:55 - Custom Plan (Content Remarketing Custom Plan)"
"Stratosphere Quality","Stratosphere Quality",lori@wearewdm.com,http://www.stratospherequality.com,"2015-08-17 15:33:09 - Premium PR
2016-05-25 15:58:58 - Premium Plus State Newsline"
PRO-PT,Proskriptive,emacdonald@proskriptive.com,http://www.proskriptive.com,"2015-01-19 17:04:00 - Premium with PR Newswire
2015-07-17 17:40:02 - Silver Plan (2015)
2015-08-16 17:40:02 - Silver Plan (2015)
2016-03-09 02:42:29 - Premium with PR Newswire
2015-04-14 15:30:02 - Silver Plan (2015)
2015-02-12 21:41:30 - Silver Plan (2015)
2015-03-13 21:45:02 - Silver Plan (2015)
2015-06-18 17:36:56 - Silver Plan (2015)"
"BHM Healthcare Solutions","BHM Healthcare Solutions",newideas@bhmpc.com,http://bhmpc.com/,"2015-11-11 18:53:58 - Premium PR
2016-03-03 16:41:54 - Premium PR
2015-12-04 14:03:15 - Premium PR
2015-07-13 12:34:36 - Premium PR
2015-11-04 21:45:36 - Premium PR
2015-03-30 18:49:28 - Premium PR
2015-06-08 12:38:14 - Premium PR"
LifeMatters,Lifematters,dmaselka@gmail.com,http://lifemattersusa.com,"2016-06-16 16:22:03 - Newswire - Media Outreach Campaign (Targeted Media List)
2016-06-16 16:13:23 - Premium Plus
2016-03-01 20:04:37 - Premium with PR Newswire"
"Phoenix TS","Phoenix Events",mgerster@creativelicenseintl.com,http://phoenixevents-inc.com,"2015-04-29 22:22:47 - Premium PR
2016-01-18 21:35:02 - Custom Plan (CLi Digital Media)
2015-05-07 21:26:25 - Premium PR
2015-03-24 22:37:49 - Premium PR
2015-05-21 23:15:22 - Premium PR
2015-04-20 17:56:48 - Premium PR
2015-05-06 17:30:03 - Premium PR
2015-05-11 19:17:34 - Premium PR
2016-06-27 22:16:01 - Newsroom
2015-05-07 18:47:05 - Premium PR
2015-04-23 18:03:28 - Premium PR
2015-06-10 17:01:35 - Premium PR
2015-04-27 22:35:41 - Premium PR
2015-04-07 18:55:14 - Premium PR
2015-01-24 00:19:50 - Custom Plan (CLi Digital Media)
2015-03-30 23:57:24 - Premium PR
2015-07-24 23:02:22 - Newsroom
2015-04-26 23:27:17 - Premium PR
2015-04-27 23:10:38 - Premium PR
2015-05-07 18:54:19 - Premium PR
2015-06-05 21:07:50 - Newsroom"
"ESP IT","Esprit Television Network",avagabrielle@ussustainabledevelopmentcorp.com,http://esprittv.com,"2016-04-26 21:49:04 - Gold Plan (2015)
2016-03-26 22:40:21 - Gold Plan (2015)
2016-05-25 21:55:02 - Gold Plan (2015)
2016-06-24 21:55:02 - Gold Plan (2015)"
"RMS Media Group","RMS Media Group",melissa@rmsmg.com,,"2015-07-07 14:27:47 - Premium PR
2015-07-06 23:06:21 - Premium PR
2015-09-16 14:33:43 - Premium PR
2015-08-12 15:41:59 - Premium PR
2015-07-06 19:16:32 - Premium PR"
Commonwealth,"Commonwealth Computer Recycling LLC",serdarb@ccrcyber.com,http://www.ccrcyber.com,"2014-09-22 19:02:16 - Premium PR"
"G&A Partners","Global PMI Partners",info@gpmip.com,http://www.gpmip.com,"2016-01-25 18:37:50 - Premium with PR Newswire
2016-05-23 19:13:41 - Premium Plus
2014-10-09 19:14:51 - Premium PR"
"Mutual Mobile","Mutual Mobile",john@mutualmobile.com,http://www.mutualmobile.com,"2015-08-10 04:28:12 - Premium with PR Newswire
2016-07-07 20:19:34 - Premium Financial
2016-06-30 18:11:28 - Premium Plus
2016-06-30 18:11:28 - Microlist: Electric Vehicles"
"LEAD IT","Leadership California Institute",Maria@grassrootslab.com,http://www.leadershipcaliforniainstitute.org,"2014-09-16 00:07:54 - Premium PR"
"M&S Technologies","Midas Green Technologies",laguna@midasgreentech.com,http://www.midasgreentech.com,"2015-05-13 16:55:02 - Silver Plan (2015)
2015-04-14 16:51:07 - Premium PR
2015-04-14 16:51:07 - Silver Plan (2015)"
Endurance,"Endurance Associates",mgerster@creativelicenseintl.com,http://enduranceassociates.com,"2015-04-29 22:22:47 - Premium PR
2016-01-18 21:35:02 - Custom Plan (CLi Digital Media)
2015-05-07 21:26:25 - Premium PR
2015-03-24 22:37:49 - Premium PR
2015-05-21 23:15:22 - Premium PR
2015-04-20 17:56:48 - Premium PR
2015-05-06 17:30:03 - Premium PR
2015-05-11 19:17:34 - Premium PR
2016-06-27 22:16:01 - Newsroom
2015-05-07 18:47:05 - Premium PR
2015-04-23 18:03:28 - Premium PR
2015-06-10 17:01:35 - Premium PR
2015-04-27 22:35:41 - Premium PR
2015-04-07 18:55:14 - Premium PR
2015-01-24 00:19:50 - Custom Plan (CLi Digital Media)
2015-03-30 23:57:24 - Premium PR
2015-07-24 23:02:22 - Newsroom
2015-04-26 23:27:17 - Premium PR
2015-04-27 23:10:38 - Premium PR
2015-05-07 18:54:19 - Premium PR
2015-06-05 21:07:50 - Newsroom"
KNOCK,"KnockerBall USA LP",john@zoomtvproducts.com,,"2016-06-06 17:20:38 - Premium Plus"
"My IT","My Favorite Kids Stuff",eloizy@plsconsultinginc.com,,"2015-03-13 15:32:28 - Press Release Revisions (5) [10% off]
2016-01-02 14:25:03 - Platinum Plan (2015)
2015-06-30 17:25:02 - Platinum Plan (2015)
2016-05-01 14:25:02 - Platinum Plan (2015)
2015-10-05 14:22:56 - Platinum Plan (2015)
2015-11-03 14:25:02 - Platinum Plan (2015)
2015-04-01 17:25:02 - Platinum Plan (2015)
2016-04-01 14:25:02 - Platinum Plan (2015)
2016-05-31 14:25:02 - Platinum Plan (2015)
2015-05-31 17:25:02 - Platinum Plan (2015)
2016-05-23 15:59:58 - First USA - 5 Newsroom Credits $260 ($52 per newsroom)
2015-12-03 14:25:02 - Platinum Plan (2015)
2016-03-02 14:25:02 - Platinum Plan (2015)
2016-02-01 14:25:02 - Platinum Plan (2015)
2015-05-01 17:30:02 - Platinum Plan (2015)
2016-06-30 14:25:02 - Platinum Plan (2015)
2015-07-30 17:25:03 - Platinum Plan (2015)
2015-03-03 17:20:48 - Platinum Plan (2015)"
Surya,"Surya Kumar",iamnoon66@gmail.com,,"2015-12-30 12:46:09 - Gold Plan (2015)
2016-01-28 12:50:02 - Gold Plan (2015)"
Sensory,"Sensory Foundation",mbruback@miraclebelt.com,http://www.miraclebelt.com,"2016-03-26 15:14:12 - Premium with PR Newswire"
Foundation,"Foundation for a Drug-Free World",luisg@scientology.org,http://www.drugfreeworld.org,"2016-01-22 03:12:31 - Premium with PR Newswire
2016-02-26 22:10:19 - Premium with PR Newswire
2016-01-30 04:30:32 - Premium with PR Newswire
2015-11-19 23:46:26 - Premium with PR Newswire
2015-12-08 00:24:16 - Premium with PR Newswire
2016-02-03 05:21:12 - Premium with PR Newswire
2016-01-30 03:51:00 - Premium with PR Newswire
2016-02-07 07:13:16 - Premium with PR Newswire
2015-12-29 04:23:23 - Premium with PR Newswire
2016-01-20 04:14:24 - Premium with PR Newswire
2016-04-04 03:00:06 - Media Outreach Credit
2016-03-02 23:45:00 - Premium with PR Newswire
2016-03-01 05:00:47 - Premium with PR Newswire
2015-11-19 01:39:34 - Premium with PR Newswire
2015-11-17 06:15:38 - Premium with PR Newswire
2016-03-03 00:40:50 - Premium PR
2016-03-03 00:07:33 - Premium with PR Newswire
2015-12-30 05:17:36 - Premium with PR Newswire
2015-12-03 05:52:57 - Premium with PR Newswire
2016-03-08 20:45:32 - Premium with PR Newswire
2016-03-25 17:55:01 - Premium with PR Newswire
2016-05-06 05:05:02 - Platinum Plan (2015)
2016-01-12 01:13:32 - Premium with PR Newswire
2015-12-05 00:39:27 - Premium PR
2015-11-09 05:33:44 - Premium with PR Newswire
2015-12-09 05:51:35 - Premium with PR Newswire
2016-03-14 22:15:06 - Media Outreach Credit
2016-03-14 22:15:06 - Targeted Media Campaign
2016-03-14 22:15:06 - Premium with PR Newswire
2016-03-14 22:15:06 - Premium PR
2015-12-04 04:39:47 - Premium PR
2016-04-06 05:05:02 - Platinum Plan (2015)
2016-02-03 21:06:07 - Premium with PR Newswire
2016-02-05 02:37:07 - Premium PR
2016-03-10 22:21:25 - Premium with PR Newswire
2016-01-16 19:35:30 - Premium with PR Newswire
2016-03-05 04:19:40 - Premium PR
2016-07-05 05:05:01 - Platinum Plan (2015)
2016-03-01 06:22:05 - Premium PR
2016-02-26 22:30:12 - Premium with PR Newswire
2016-02-26 21:21:57 - Premium with PR Newswire
2016-03-08 19:11:49 - Premium with PR Newswire
2016-02-14 06:37:25 - Premium with PR Newswire
2016-02-09 07:07:10 - Premium with PR Newswire
2016-01-27 22:17:40 - Premium with PR Newswire
2016-01-01 20:44:17 - Premium with PR Newswire
2016-03-07 22:21:40 - Premium PR
2016-03-11 17:13:39 - Premium with PR Newswire
2016-02-12 20:50:42 - Premium with PR Newswire
2016-03-30 20:42:42 - Media Outreach Credit
2016-03-30 20:42:42 - Premium with PR Newswire
2016-03-30 20:42:42 - Premium PR
2016-03-02 19:32:25 - Premium with PR Newswire
2016-02-15 04:34:32 - Premium with PR Newswire
2016-03-08 19:15:00 - Premium with PR Newswire
2016-03-07 05:05:03 - Platinum Plan (2015)
2016-04-06 20:21:03 - Media Outreach Credit
2016-04-06 20:21:03 - Premium PR
2016-01-07 05:05:03 - Platinum Plan (2015)
2016-02-26 19:26:06 - Premium with PR Newswire
2016-01-18 06:34:34 - Premium with PR Newswire
2015-12-08 05:05:03 - Platinum Plan (2015)
2015-11-13 05:57:19 - Premium with PR Newswire
2015-11-24 06:23:22 - Premium with PR Newswire
2016-01-25 21:07:01 - Premium with PR Newswire
2015-12-03 19:35:39 - Premium PR
2016-02-01 19:25:21 - Premium with PR Newswire
2015-12-08 05:15:03 - Platinum Plan (2015)
2016-03-03 00:26:52 - Premium with PR Newswire
2016-05-10 16:38:51 - Premium Plus State Newsline
2016-02-24 06:33:52 - Premium with PR Newswire
2016-02-11 06:29:11 - Premium with PR Newswire
2015-11-27 06:21:10 - Premium with PR Newswire
2016-02-22 04:18:52 - Premium with PR Newswire
2016-03-07 04:11:49 - Premium with PR Newswire
2016-01-16 03:54:12 - Premium with PR Newswire
2016-02-13 06:19:58 - Premium with PR Newswire
2016-02-24 20:35:56 - Premium with PR Newswire
2015-12-15 22:33:39 - Premium with PR Newswire
2016-05-23 20:06:31 - Premium PR
2016-05-23 20:06:31 - Premium Plus
2016-05-23 20:06:31 - Premium Plus State Newsline
2016-05-23 20:06:31 - Media Outreach Credit
2016-06-19 01:44:09 - Premium Plus
2016-06-19 01:44:09 - Media Outreach Credit
2015-12-11 21:26:51 - Premium with PR Newswire
2016-02-16 19:38:59 - Premium with PR Newswire
2016-01-20 03:54:31 - Premium with PR Newswire
2016-03-11 17:19:27 - Media Outreach Credit
2015-12-04 04:46:46 - Premium PR
2015-11-19 02:59:32 - PR Writing
2016-01-27 06:15:14 - Premium with PR Newswire
2016-02-05 21:32:12 - Premium with PR Newswire
2016-02-06 05:05:02 - Platinum Plan (2015)
2016-01-25 17:58:12 - Premium with PR Newswire
2016-01-30 05:58:23 - Premium with PR Newswire
2016-04-29 14:21:31 - Media Outreach Credit
2016-04-29 14:21:31 - Premium PR
2016-04-29 14:21:31 - Premium with PR Newswire
2016-01-28 01:24:22 - Premium with PR Newswire
2015-11-18 06:43:00 - Premium with PR Newswire
2016-02-16 19:02:47 - Premium with PR Newswire
2016-04-01 04:05:03 - Media Outreach Credit
2016-04-01 04:05:03 - Premium PR
2016-04-01 04:05:03 - Premium with PR Newswire
2016-02-25 06:17:24 - Premium with PR Newswire
2016-01-18 06:12:11 - Premium with PR Newswire
2016-02-16 18:40:03 - Premium with PR Newswire
2016-03-05 18:55:53 - Premium PR
2016-03-12 00:17:48 - Premium with PR Newswire
2016-03-12 00:17:48 - Media Outreach Credit
2015-12-08 05:10:02 - Platinum Plan (2015)
2016-05-05 04:02:11 - Premium Plus State Newsline
2015-12-11 21:48:24 - Media Outreach Credit
2016-06-05 05:05:02 - Platinum Plan (2015)
2016-03-05 04:02:39 - Premium with PR Newswire
2016-02-13 06:10:55 - Premium with PR Newswire
2016-04-18 00:07:19 - Premium with PR Newswire
2016-06-18 15:13:56 - Premium PR
2016-06-18 15:13:56 - Media Outreach Credit
2016-06-18 15:13:56 - Premium Plus
2015-11-09 05:04:17 - Platinum Plan (2015)"
NovaCopy,"NovaCopy, Inc.",novacopyusa@novacopy.com,http://www.novacopy.com/,"2016-06-12 23:00:02 - Custom Plan (NovaCopy Custom Silver Plan)
2016-04-13 23:00:02 - Custom Plan (NovaCopy Custom Silver Plan)
2015-12-16 22:55:56 - Custom Plan (NovaCopy Custom Silver Plan)
2016-03-14 23:00:03 - Custom Plan (NovaCopy Custom Silver Plan)
2016-05-13 23:00:02 - Custom Plan (NovaCopy Custom Silver Plan)
2016-02-13 23:00:02 - Custom Plan (NovaCopy Custom Silver Plan)
2016-01-14 23:00:02 - Custom Plan (NovaCopy Custom Silver Plan)
2015-10-19 22:00:41 - Premium with PR Newswire"
"Deco Lighting","DECO Lighting",jgalos@getdeco.com,http://www.getdeco.com,"2016-05-11 17:31:57 - Premium PR
2016-03-29 00:18:50 - Premium with PR Newswire"
IDS,IDS,frankie@randmarketing.com,http://www.idssite.com/,"2014-11-20 21:59:30 - Platinum Plan (2015)
2016-06-21 14:50:37 - Premium PR
2016-06-11 22:00:02 - Custom Plan (Platinum RAND)
2015-04-09 22:14:20 - Premium with PR Newswire
2015-08-06 15:37:34 - Premium with PR Newswire
2015-03-16 15:14:19 - Premium with PR Newswire
2015-04-27 21:29:20 - Premium with PR Newswire
2015-12-17 16:10:02 - Premium with PR Newswire
2016-03-28 18:06:18 - Rand Marketing Bulk PRN (8)
2015-12-07 19:50:18 - Premium with PR Newswire
2015-08-20 13:58:12 - Rand Marketing Bulk PRN (8)
2015-12-18 15:36:49 - Premium with PR Newswire
2016-02-12 22:00:02 - Platinum Plan (2015)
2016-04-12 22:00:03 - Platinum Plan (2015)
2015-05-18 22:00:02 - Platinum Plan (2015)
2015-09-22 13:49:25 - Rand Marketing Bulk PRN (8)
2016-02-18 21:00:20 - Rand Marketing Bulk PRN (8)
2015-11-14 22:00:02 - Platinum Plan (2015)
2015-03-17 21:27:53 - Premium with PR Newswire
2016-01-13 22:00:02 - Platinum Plan (2015)
2014-12-19 22:00:02 - Platinum Plan (2015)
2016-03-13 22:00:02 - Platinum Plan (2015)
2016-03-22 19:11:15 - Premium with PR Newswire
2015-02-17 22:00:03 - Platinum Plan (2015)
2015-06-17 22:00:02 - Platinum Plan (2015)
2015-12-14 22:00:02 - Platinum Plan (2015)
2015-03-04 16:58:54 - Premium with PR Newswire
2015-08-16 22:00:02 - Platinum Plan (2015)
2015-03-04 21:17:12 - Premium with PR Newswire
2015-06-25 16:43:01 - Rand Marketing Bulk PRN (8)
2016-06-24 14:15:43 - Premium PR
2016-05-12 22:00:02 - Platinum Plan (2015)
2015-03-19 22:00:02 - Platinum Plan (2015)
2015-07-17 22:00:02 - Platinum Plan (2015)
2015-04-29 19:26:48 - Premium with PR Newswire
2015-04-18 22:00:02 - Platinum Plan (2015)
2015-01-18 22:00:02 - Platinum Plan (2015)
2016-07-06 19:47:02 - Premium PR
2015-10-15 22:00:02 - Platinum Plan (2015)
2015-09-15 22:00:02 - Platinum Plan (2015)
2015-03-16 15:29:41 - Premium with PR Newswire
2015-04-17 21:09:31 - Premium with PR Newswire"
Prevent,"Prevent Products, Inc.",info@preventproducts.com,http://www.preventproducts.com,"2015-10-14 18:54:40 - Premium Pro Healthcare"
Syncroness,"Syncroness, Inc.",ssprouse@syncroness.com,http://www.syncroness.com,"2016-03-01 16:27:15 - Premium PR
2016-04-19 23:27:20 - Premium PR
2016-05-02 19:52:31 - Premium PR
2016-06-22 21:08:33 - Premium PR
2016-02-26 16:50:15 - Premium Plus
2016-04-06 20:27:53 - Premium with PR Newswire"
Ryan,"Ryan Thomas Speaks",xahndra@gmail.com,http://www.ryanthomasspeaks.com,"2016-04-15 12:24:38 - Media Outreach Credit
2016-04-20 03:11:25 - Media Outreach Credit
2016-06-12 23:04:07 - Premium PR
2016-04-19 17:07:48 - Media Outreach Credit
2016-04-19 03:21:04 - Premium PR
2016-03-29 16:35:07 - Premium PR
2016-04-15 02:07:25 - Premium PR
2016-04-21 18:42:06 - Media Outreach Credit"
ArroHealth,ArroHealth,rgrossman@arrohealth.com,,"2016-06-30 17:25:29 - Microlist: Healthcare
2016-06-30 16:34:25 - Premium Plus"
"The Brooks Group","The Brooks Group",bbrown@thebrooksgroup.com,http://www.TheBrooksGroup.com,"2016-05-13 19:29:24 - Premium Plus
2016-05-24 15:25:23 - Premium Plus
2016-03-08 19:04:06 - Premium Plus
2016-05-13 19:35:37 - Premium PR
2016-05-20 18:11:33 - Premium Plus
2016-06-28 14:16:25 - Premium Plus"
NOVA,"NovaCopy, Inc.",novacopyusa@novacopy.com,http://www.novacopy.com/,"2016-06-12 23:00:02 - Custom Plan (NovaCopy Custom Silver Plan)
2016-04-13 23:00:02 - Custom Plan (NovaCopy Custom Silver Plan)
2015-12-16 22:55:56 - Custom Plan (NovaCopy Custom Silver Plan)
2016-03-14 23:00:03 - Custom Plan (NovaCopy Custom Silver Plan)
2016-05-13 23:00:02 - Custom Plan (NovaCopy Custom Silver Plan)
2016-02-13 23:00:02 - Custom Plan (NovaCopy Custom Silver Plan)
2016-01-14 23:00:02 - Custom Plan (NovaCopy Custom Silver Plan)
2015-10-19 22:00:41 - Premium with PR Newswire"
Sullivan,"SULLIVAN SERIALS",henry@henrysullivan.com,http://serials.henrysullivan.com/Main_Page,"2015-03-15 05:06:57 - Premium PR"
"Mercury Media","mercury media",awarshaw@mercurymedia.com,,"2015-10-15 17:05:10 - Premium with PR Newswire
2015-06-18 15:42:51 - Premium with PR Newswire
2015-07-20 15:04:50 - Mercury Media - Special Discount - (3 Premium with PR Newswire)"
FlexPrint,"FlexPrint, Inc.",asmalley@flexprintinc.com,http://www.flexprintinc.com,"2014-11-19 23:03:01 - Premium with PR Newswire
2014-08-12 19:06:42 - Gold Plan (2015)
2014-10-10 19:10:02 - Gold Plan (2015)
2014-09-10 19:15:01 - Gold Plan (2015)
2014-11-09 19:10:02 - Gold Plan (2015)
2016-01-16 02:26:37 - Premium Plus"
"Single Source","Single Source, Inc",mharbers@singlesourceinc.com,,"2015-12-08 16:51:54 - Premium Plus"
"M S International","Ms. Latina International, LLC.",cheryldscales@gmail.com,http://www.mslatinainternational.com,"2015-07-13 23:24:07 - Premium PR"
"Solstice Benefits","Solstice Benefits",kranta@solsticebenefits.com,http://www.solsticebenefits.com/,"2015-02-06 16:34:59 - Silver Plan (2015)
2015-07-05 16:35:02 - Silver Plan (2015)
2015-03-07 16:35:02 - Silver Plan (2015)
2016-01-01 16:35:02 - Silver Plan (2015)
2016-03-31 16:35:02 - Silver Plan (2015)
2016-01-31 16:35:02 - Silver Plan (2015)
2016-03-01 16:35:02 - Silver Plan (2015)
2015-04-06 16:35:02 - Silver Plan (2015)
2015-11-02 16:35:02 - Silver Plan (2015)
2016-05-30 16:35:02 - Silver Plan (2015)
2015-10-03 16:35:02 - Silver Plan (2015)
2015-05-06 16:35:02 - Silver Plan (2015)
2015-08-04 16:35:03 - Silver Plan (2015)
2015-06-05 16:35:02 - Silver Plan (2015)
2016-06-29 16:35:02 - Silver Plan (2015)
2015-09-03 16:35:02 - Silver Plan (2015)
2016-04-30 16:35:02 - Silver Plan (2015)
2015-12-02 16:35:02 - Silver Plan (2015)"
Millennium,"Millennium Dance Complex",signaturefilms@hotmail.com,,"2015-11-07 16:40:35 - Premium Plus
2015-11-07 21:34:35 - Premium with PR Newswire"
"EMPIRE Cell Phone Accessories","EMPIRE Cell Phone Accessories",laura@empirecase.com,http://www.empirecase.com,"2015-10-21 17:45:59 - Premium PR"
Incept,"Inception Marketing",mgerster@creativelicenseintl.com,http://inceptionmarketinginc.com,"2015-04-29 22:22:47 - Premium PR
2016-01-18 21:35:02 - Custom Plan (CLi Digital Media)
2015-05-07 21:26:25 - Premium PR
2015-03-24 22:37:49 - Premium PR
2015-05-21 23:15:22 - Premium PR
2015-04-20 17:56:48 - Premium PR
2015-05-06 17:30:03 - Premium PR
2015-05-11 19:17:34 - Premium PR
2016-06-27 22:16:01 - Newsroom
2015-05-07 18:47:05 - Premium PR
2015-04-23 18:03:28 - Premium PR
2015-06-10 17:01:35 - Premium PR
2015-04-27 22:35:41 - Premium PR
2015-04-07 18:55:14 - Premium PR
2015-01-24 00:19:50 - Custom Plan (CLi Digital Media)
2015-03-30 23:57:24 - Premium PR
2015-07-24 23:02:22 - Newsroom
2015-04-26 23:27:17 - Premium PR
2015-04-27 23:10:38 - Premium PR
2015-05-07 18:54:19 - Premium PR
2015-06-05 21:07:50 - Newsroom"
SEARCH,"Search Light Financial",seoteam@americancreative.com,http://www.searchlightfinancialadvisors.com/,"2015-03-24 12:56:23 - Custom Plan (American Creative- 80 Premium PRs)
2016-06-13 12:00:02 - Custom Plan (American Creative- 80 Premium PRs)
2015-09-17 12:00:02 - Custom Plan (American Creative- 80 Premium PRs)
2016-05-13 20:26:03 - Premium Distribution - Re-issue 
2016-02-14 12:00:02 - Custom Plan (American Creative- 80 Premium PRs)
2016-04-14 12:00:02 - Custom Plan (American Creative- 80 Premium PRs)
2016-07-06 20:41:23 - Custom Plan (American Creative- 80 Premium PRs)
2015-07-19 12:00:02 - Custom Plan (American Creative- 80 Premium PRs)
2015-12-16 12:00:02 - Custom Plan (American Creative- 80 Premium PRs)
2015-08-18 12:00:02 - Custom Plan (American Creative- 80 Premium PRs)
2015-05-19 15:40:02 - Custom Plan (American Creative- 80 Premium PRs)
2016-01-15 12:00:02 - Custom Plan (American Creative- 80 Premium PRs)
2016-05-14 12:00:02 - Custom Plan (American Creative- 80 Premium PRs)
2015-06-19 12:00:02 - Custom Plan (American Creative- 80 Premium PRs)
2015-11-16 12:00:02 - Custom Plan (American Creative- 80 Premium PRs)
2016-03-15 12:00:02 - Custom Plan (American Creative- 80 Premium PRs)
2015-10-17 12:00:02 - Custom Plan (American Creative- 80 Premium PRs)"
Cumming,"Cummings & Franck",seos988@gmail.com,http://www.cummingsandfranck.com/,"2015-12-13 07:41:55 - Custom Plan (Content Remarketing Custom Plan)"
IND,"Independent Professional",gr.mahindra@yandex.com,http://www.graphsandtables.jimdo.com,"2014-07-27 17:15:33 - Premium PR"
"Professional Capital Services","Professional Capital Services",boggesse@pcscapital.com,http://www.pcs401k.com,"2016-02-09 15:52:19 - Premium PR"
"Dynamic Systems","Dynamic Systems Inc.",dan.quigley@gleeble.com,http://www.Gleeble.com,"2015-06-16 17:45:36 - Premium PR"
"BCM One","BCM  One",pckauth@bcmone.com,,"2016-06-22 15:01:13 - BCM One Custom Premium Plus Package - Part 1
2016-06-06 14:41:45 - Premium Plus"
Roofcare,Roofcare,jonathan@roofcare.us,http://roofcare.us/,"2015-11-04 22:46:12 - Premium PR
2014-11-06 21:54:59 - Premium PR"
Kinetix,"Kinetix Trading Solutions Inc",admin@kinetixtt.com,http://www.kinetixtt.com,"2015-02-10 00:04:40 - Premium with PR Newswire"
"OSM Worldwide","osm worldwide",ckelley@osmworldwide.com,http://osmworldwide.com,"2015-08-21 15:12:34 - Premium Plus"
Rhythm,"Rhythm Events",mgerster@creativelicenseintl.com,http://rhythmeventsinc.com,"2015-04-29 22:22:47 - Premium PR
2016-01-18 21:35:02 - Custom Plan (CLi Digital Media)
2015-05-07 21:26:25 - Premium PR
2015-03-24 22:37:49 - Premium PR
2015-05-21 23:15:22 - Premium PR
2015-04-20 17:56:48 - Premium PR
2015-05-06 17:30:03 - Premium PR
2015-05-11 19:17:34 - Premium PR
2016-06-27 22:16:01 - Newsroom
2015-05-07 18:47:05 - Premium PR
2015-04-23 18:03:28 - Premium PR
2015-06-10 17:01:35 - Premium PR
2015-04-27 22:35:41 - Premium PR
2015-04-07 18:55:14 - Premium PR
2015-01-24 00:19:50 - Custom Plan (CLi Digital Media)
2015-03-30 23:57:24 - Premium PR
2015-07-24 23:02:22 - Newsroom
2015-04-26 23:27:17 - Premium PR
2015-04-27 23:10:38 - Premium PR
2015-05-07 18:54:19 - Premium PR
2015-06-05 21:07:50 - Newsroom"
B.I.Minds,"Bright Open Minds",eloizy@plsconsultinginc.com,,"2015-03-13 15:32:28 - Press Release Revisions (5) [10% off]
2016-01-02 14:25:03 - Platinum Plan (2015)
2015-06-30 17:25:02 - Platinum Plan (2015)
2016-05-01 14:25:02 - Platinum Plan (2015)
2015-10-05 14:22:56 - Platinum Plan (2015)
2015-11-03 14:25:02 - Platinum Plan (2015)
2015-04-01 17:25:02 - Platinum Plan (2015)
2016-04-01 14:25:02 - Platinum Plan (2015)
2016-05-31 14:25:02 - Platinum Plan (2015)
2015-05-31 17:25:02 - Platinum Plan (2015)
2016-05-23 15:59:58 - First USA - 5 Newsroom Credits $260 ($52 per newsroom)
2015-12-03 14:25:02 - Platinum Plan (2015)
2016-03-02 14:25:02 - Platinum Plan (2015)
2016-02-01 14:25:02 - Platinum Plan (2015)
2015-05-01 17:30:02 - Platinum Plan (2015)
2016-06-30 14:25:02 - Platinum Plan (2015)
2015-07-30 17:25:03 - Platinum Plan (2015)
2015-03-03 17:20:48 - Platinum Plan (2015)"
Parker's,"Parker Brand Creative Services",Oran@parkerbrandcreative.com,http://www.parkerbrandcreative.com,"2015-06-10 19:02:37 - Premium PR"
Xcentric,"Xcentric Mold & Engineering",craig.aubry@xcentricmold.com,,"2014-11-24 16:15:38 - Premium with PR Newswire"
Spark,"Sparkle Athletic",scott@redesignedmarketing.com,http://sparkleathletic.com/,"2016-05-27 17:13:01 - Premium PR
2016-05-12 16:04:20 - Professional Plan
2016-06-10 16:05:02 - Professional Plan
2016-06-01 20:53:53 - Premium PR
2016-02-02 17:22:57 - Premium PR"
"Steele Solutions","Steele Solutions",dniles@productiveknowledge.com,http://www.steelesolutions.com,"2015-05-05 15:48:39 - Premium PR
2015-08-14 15:52:45 - Premium PR
2015-08-26 13:54:54 - Premium PR
2015-09-02 12:30:31 - Premium PR"
Transformations,Transformations,rebecca@transformationsdesign.com,http://transformationsdesign.com,"2014-12-07 15:58:18 - Premium PR"
Transbeam,"Transbeam ",bbatten@transbeam.com,http://www.transbeam.com,"2015-12-07 18:55:05 - Premium with PR Newswire
2015-09-16 01:25:47 - Premium with PR Newswire
2016-02-04 16:04:39 - Transbeam Custom PRN Order
2016-01-11 19:25:35 - Premium with PR Newswire
2015-08-12 15:19:10 - Premium Plus
2015-10-14 13:27:52 - Premium with PR Newswire
2015-08-12 15:59:57 - Premium PR"
InfoStreet,Infostreet,marketing@infostreet.com,http://www.infostreet.com,"2016-02-09 18:28:38 - Silver Plan (12 Months) (2015)"
"Next Marketing","Next Generation Marketing Inc.",mgerster@creativelicenseintl.com,http://nextgenerationmarketinginc.com,"2015-04-29 22:22:47 - Premium PR
2016-01-18 21:35:02 - Custom Plan (CLi Digital Media)
2015-05-07 21:26:25 - Premium PR
2015-03-24 22:37:49 - Premium PR
2015-05-21 23:15:22 - Premium PR
2015-04-20 17:56:48 - Premium PR
2015-05-06 17:30:03 - Premium PR
2015-05-11 19:17:34 - Premium PR
2016-06-27 22:16:01 - Newsroom
2015-05-07 18:47:05 - Premium PR
2015-04-23 18:03:28 - Premium PR
2015-06-10 17:01:35 - Premium PR
2015-04-27 22:35:41 - Premium PR
2015-04-07 18:55:14 - Premium PR
2015-01-24 00:19:50 - Custom Plan (CLi Digital Media)
2015-03-30 23:57:24 - Premium PR
2015-07-24 23:02:22 - Newsroom
2015-04-26 23:27:17 - Premium PR
2015-04-27 23:10:38 - Premium PR
2015-05-07 18:54:19 - Premium PR
2015-06-05 21:07:50 - Newsroom"
